region_name,avg_usage,variability,peak_usage,peak_ratio,growth_rate,label
Centro,10.465270420070011,24.01080853364461,148.7925,14.217740586487835,0.0,HIGH
East,8.766909522517635,22.595212311757532,149.53220000000002,17.056432442462135,-0.1622854287926766,LOW
North,7.813933870168484,20.497662049737134,149.09529999999998,19.08069641710254,-0.1087014357683801,LOW
South,9.481779904591532,23.060334727471314,149.53220000000002,15.770477853803522,0.21344511767503427,LOW
West,9.925816681943171,23.045007126485007,149.53220000000002,15.064976998016267,0.04683052990257819,MEDIUM
